2023 pp,control pass,,apass1,,reprocessed apass1,,\
period,JIRA,report,JIRA,report,JIRA,report,\
LHC23b,-,-,O2-3765,LHC23b_apass1,-,-,\
LHC23c,-,-,-,-,-,-,\
LHC23d,-,-,-,-,-,-,\
LHC23e,-,-,-,-,-,-,\
LHC23f,O2-3831,LHC23f_cpass0,O2-4012,LHC23f_apass1,O2-4443,LHC23f_apass1_v2,\
LHC23g,O2-3919,LHC23g_cpass0,O2-4018,LHC23g_apass1,O2-4449,LHC23g_apass1_v2,\
LHC23h,O2-3918,LHC23h_cpass0,O2-4095,LHC23h_apass1,O2-4423,LHC23h_apass1_v2,\
LHC23i,O2-3924,LHC23i_cpass0,O2-4019,LHC23i_apass1,O2-4424,LHC23i_apass1_v2,\
LHC23j,O2-3924,LHC23j_cpass0,O2-4019,LHC23j_apass1,O2-4424,LHC23j_apass1_v2,\
LHC23k,O2-3924,LHC23k_cpass0,O2-4019,LHC23k_apass1,O2-4424,LHC23k_apass1_v2,\
LHC23l,O2-3880,LHC23l_cpass0,O2-4017,LHC23l_apass1,O2-4399,LHC23l_apass1_v2,\
LHC23m,O2-3880,LHC23m_cpass0,O2-4017,LHC23m_apass1,O2-4399,LHC23m_apass1_v2,\
LHC23n,O2-3913,LHC23n_cpass0,O2-4023,LHC23n_apass1,O2-4452,LHC23n_apass1_v2,\
LHC23o,O2-3925,LHC23o_cpass0,O2-4020,LHC23o_apass1,O2-4413,LHC23o_apass1_v2,\
LHC23p,O2-3925,LHC23p_cpass0,O2-4020,LHC23p_apass1,O2-4413,LHC23p_apass1_v2,\
LHC23q,O2-3925,LHC23q_cpass0,O2-4020,LHC23q_apass1,O2-4413,LHC23q_apass1_v2,\
LHC23r,O2-3925,LHC23r_cpass0,O2-4020,LHC23r_apass1,O2-4413,LHC23r_apass1_v2,\
LHC23s,O2-3884,LHC23s_cpass0,O2-4036,LHC23s_apass1,O2-4397,LHC23s_apass1_v2,\
LHC23t,O2-3957,LHC23t_cpass0,O2-4042,LHC23t_apass1,O2-4462,LHC23t_apass1_v2,\
LHC23u,O2-3885,LHC23u_cpass0,O2-4026,LHC23u_apass1,O2-4395,LHC23u_apass1_v2,\
LHC23v,O2-3885,LHC23v_cpass0,O2-4026,LHC23v_apass1,O2-4395,LHC23v_apass1_v2,\
LHC23w,O2-3957,LHC23w_cpass0,O2-4042,LHC23w_apass1,O2-4462,LHC23w_apass1_v2,\
LHC23y,O2-3886,LHC23y_cpass0,O2-4027,LHC23y_apass1,O2-4406,LHC23y_apass1_v2,\
LHC23z,O2-3881,LHC23z_cpass0,O2-4037,LHC23z_apass1,O2-4396,LHC23z_apass1_v2,\
LHC23za,O2-3881,LHC23za_cpass0,O2-4037,LHC23za_apass1,O2-4396,LHC23za_apass1_v2,\
LHC23zb,O2-3957,LHC23zb_cpass0,O2-4042,LHC23zb_apass1,O2-4462,LHC23zb_apass1_v2,\
LHC23zc,O2-3883,LHC23zc_cpass0,O2-4053,LHC23zc_apass1,O2-4398,LHC23zc_apass1_v2,\
LHC23zd,O2-3883,LHC23zd_cpass0,O2-4053,LHC23zd_apass1,O2-4398,LHC23zd_apass1_v2,\
LHC23ze,O2-3945,LHC23ze_cpass0,O2-4068,LHC23ze_apass1,O2-4405,LHC23ze_apass1_v2,\
LHC23zf,O2-3945,LHC23zf_cpass0,O2-4068,LHC23zf_apass1,O2-4405,LHC23zf_apass1_v2,\
LHC23zg,O2-3945,LHC23zg_cpass0,O2-4068,LHC23zg_apass1,O2-4405,LHC23zg_apass1_v2,\
LHC23zh,O2-3945,LHC23zh_cpass0,O2-4068,LHC23zh_apass1,O2-4405,LHC23zh_apass1_v2,\
LHC23zi,O2-3945,LHC23zi_cpass0,O2-4068,LHC23zi_apass1,O2-4405,LHC23zi_apass1_v2,\
LHC23zj,O2-3945,LHC23zj_cpass0,O2-4068,LHC23zj_apass1,O2-4405,LHC23zj_apass1_v2,\
LHC23zk,O2-3945,LHC23zk_cpass0,O2-4068,LHC23zk_apass1,O2-4405,LHC23zk_apass1_v2,\
LHC23zl,O2-3921,LHC23zl_cpass0,O2-4065,LHC23zl_apass1,O2-4429,LHC23zl_apass1_v2,\
LHC23zm,O2-3921,LHC23zm_cpass0,O2-4065,LHC23zm_apass1,O2-4429,LHC23zm_apass1_v2,\
LHC23zn,O2-3921,LHC23zn_cpass0,O2-4065,LHC23zn_apass1,O2-4429,LHC23zn_apass1_v2,\
LHC23zo,O2-3966,LHC23zo_cpass0,O2-4173,LHC23zo_apass1,-,-,\
LHC23zp,O2-3966,LHC23zp_cpass0,O2-4173,LHC23zp_apass1,-,-,\
LHC23zq,O2-3967,LHC23zq_cpass0,O2-4049,LHC23zq_apass1,O2-4402,LHC23zq_apass1_v2,\
LHC23zr,O2-3967,LHC23zr_cpass0,O2-4049,LHC23zr_apass1,O2-4402,LHC23zr_apass1_v2,\
LHC23zs,O2-3967,LHC23zs_cpass0,O2-4049,LHC23zs_apass1,O2-4402,LHC23zs_apass1_v2,\
LHC23zt,O2-3946,LHC23zt_cpass0,O2-4088,LHC23zt_apass1,O2-4506,LHC23zt_apass1_v2,\
LHC23zu,-,-,-,-,-,-,\
LHC23zv,-,-,-,-,-,-,\